{
  "name": "Floating Player Widget",
  "description": "Floating Player Widget",
  "group": "Firework",
  "attribute_definition_groups": [
    {
      "id": "floatingPlayer",
      "attribute_definitions": [
        {
          "id": "floatingPlayer",
          "name": "Floating Player Configuration",
          "type": "custom",
          "required": true,
          "editor_definition": {
            "type": "firework.floatingPlayer"
          }
        }
      ]
    }
  ],
  "region_definitions": []
}
