{
  "name": "Floating Button Widget",
  "description": "Floating Button Widget",
  "group": "Firework",
  "attribute_definition_groups": [
    {
      "id": "floatingButton",
      "attribute_definitions": [
        {
          "id": "floatingButton",
          "name": "Floating Button Configuration",
          "type": "custom",
          "required": true,
          "editor_definition": {
            "type": "firework.floatingButton"
          }
        }
      ]
    }
  ],
  "region_definitions": []
}
