<?xml version="1.0" encoding="ISO-8859-1" ?>
<extensions xmlns="http://www.demandware.com/xml/bmmodules/2007-12-11" xmlns:xsi="http://www.w3.org/2001/XMLSchema-instance" xsi:schemaLocation="http://www.demandware.com/xml/bmmodules/2007-12-11 bmext.xsd">
    <menuitem id="custom_module_firework" position="2600" site="true">
        <name xml:lang="x-default"> Manage Firework</name>
        <short_description xml:lang="x-default">Manage Firework Dashboard Setting</short_description>
        <description xml:lang="x-default">Manage Firework Dashboard Setting</description>
        <icon>icons/fw.png</icon>
    </menuitem>
    <menuaction id="custom_module_firework_submenu" menupath="custom_module_firework" position="1" site="true">
        <name xml:lang="x-default">Firework Dashboard</name>
        <short_description xml:lang="x-default">Firework Dashboard</short_description>
        <description xml:lang="x-default">Firework Dashboard</description>
        <exec pipeline="Firework" node="dashboard" />
        <sub-pipelines>
           <pipeline name="Firework-dashboard" />
           <pipeline name="Firework-callback" />
           <pipeline name="Firework-getplaylist" />
           <pipeline name="Firework-getvideolist" />
           <pipeline name="Firework-fireworkwidget" />
           <pipeline name="Oauth-show" />
           <pipeline name="Oauth-success" />
           <pipeline name="Oauth-callback" />
        </sub-pipelines>
        <icon>icons/fw.png</icon>
    </menuaction>
     <menuaction id="custom_module_fireworkreset_submenu" menupath="custom_module_firework" position="2" site="true">
        <name xml:lang="x-default">Setting</name>
        <short_description xml:lang="x-default">Setting</short_description>
        <description xml:lang="x-default">Setting</description>
        <exec pipeline="Firework" node="reset" />
        <sub-pipelines>
           <pipeline name="Firework-reset" />
        </sub-pipelines>
        <icon>icons/fw.png</icon>
    </menuaction>
</extensions>