<?xml version="1.0" encoding="UTF-8"?>
<metadata xmlns="http://www.demandware.com/xml/impex/metadata/2006-10-31">

    <type-extension type-id="Basket">
        <custom-attribute-definitions>
            <attribute-definition attribute-id="fwpaymentprovider">
                <display-name xml:lang="x-default">Payment Provider</display-name>
                <description xml:lang="x-default">Payment Provider Details</description>
                <type>text</type>
                <mandatory-flag>false</mandatory-flag>
                <externally-managed-flag>false</externally-managed-flag>
            </attribute-definition>
			<attribute-definition attribute-id="fwpaymentreference">
                <display-name xml:lang="x-default">Payment Reference</display-name>
                <description xml:lang="x-default">Payment Reference Details</description>
                <type>text</type>
                <mandatory-flag>false</mandatory-flag>
                <externally-managed-flag>false</externally-managed-flag>
            </attribute-definition>
			<attribute-definition attribute-id="fwpaymenturl">
                <display-name xml:lang="x-default">Payment URL</display-name>
                <description xml:lang="x-default">Payment URL</description>
                <type>text</type>
                <mandatory-flag>false</mandatory-flag>
                <externally-managed-flag>false</externally-managed-flag>
            </attribute-definition>
			<attribute-definition attribute-id="fworderid">
                <display-name xml:lang="x-default">Order ID</display-name>
                <description xml:lang="x-default">Order ID</description>
                <type>text</type>
                <mandatory-flag>false</mandatory-flag>
                <externally-managed-flag>false</externally-managed-flag>
            </attribute-definition>
        </custom-attribute-definitions>
    </type-extension>
	
	<type-extension type-id="Order">
        <custom-attribute-definitions>
            <attribute-definition attribute-id="fwPaymentprovider">
                <display-name xml:lang="x-default">Payment Provider</display-name>
                <description xml:lang="x-default">Payment Provider Details</description>
                <type>text</type>
                <mandatory-flag>false</mandatory-flag>
                <externally-managed-flag>false</externally-managed-flag>
            </attribute-definition>
			<attribute-definition attribute-id="fwpaymentreference">
                <display-name xml:lang="x-default">Payment Reference</display-name>
                <description xml:lang="x-default">Payment Reference Details</description>
                <type>text</type>
                <mandatory-flag>false</mandatory-flag>
                <externally-managed-flag>false</externally-managed-flag>
            </attribute-definition>
			<attribute-definition attribute-id="fwpaymenturl">
                <display-name xml:lang="x-default">Payment URL</display-name>
                <description xml:lang="x-default">Payment URL</description>
                <type>text</type>
                <mandatory-flag>false</mandatory-flag>
                <externally-managed-flag>false</externally-managed-flag>
            </attribute-definition>
			<attribute-definition attribute-id="fworderid">
                <display-name xml:lang="x-default">Order ID</display-name>
                <description xml:lang="x-default">Order ID</description>
                <type>text</type>
                <mandatory-flag>false</mandatory-flag>
                <externally-managed-flag>false</externally-managed-flag>
            </attribute-definition>
        </custom-attribute-definitions>
        <group-definitions>
            <attribute-group group-id="Firework">
                <display-name xml:lang="x-default">Firework Payment Details</display-name>
                <attribute attribute-id="fwpaymentprovider"/>
                <attribute attribute-id="fwpaymentreference"/>
				<attribute attribute-id="fwpaymenturl"/>
				<attribute attribute-id="fworderid"/>
            </attribute-group>
        </group-definitions>
    </type-extension>
	<type-extension type-id="SitePreferences">
  <custom-attribute-definitions>
            <attribute-definition attribute-id="fireworkUniqueBMUID">
                <display-name xml:lang="x-default">Storefront URL</display-name>
                <type>string</type>
                <mandatory-flag>false</mandatory-flag>
                <externally-managed-flag>false</externally-managed-flag>
                <min-length>0</min-length>
            </attribute-definition>
            <attribute-definition attribute-id="fireworkContactsEmail">
                <display-name xml:lang="x-default">Contact Email</display-name>
                <type>string</type>
                <mandatory-flag>false</mandatory-flag>
                <externally-managed-flag>false</externally-managed-flag>
                <min-length>0</min-length>
            </attribute-definition>
			 <attribute-definition attribute-id="fireworkSiteCurrency">
                <display-name xml:lang="x-default">Curreny</display-name>
                <type>string</type>
                <mandatory-flag>false</mandatory-flag>
                <externally-managed-flag>false</externally-managed-flag>
                <min-length>0</min-length>
            </attribute-definition>
			<attribute-definition attribute-id="fireworkSiteTitle">
                <display-name xml:lang="x-default">Site Title</display-name>
                <type>string</type>
                <mandatory-flag>false</mandatory-flag>
                <externally-managed-flag>false</externally-managed-flag>
                <min-length>0</min-length>
            </attribute-definition>
   </custom-attribute-definitions>
        <group-definitions>
            <attribute-group group-id="fireworkDashboardConfig">
                <display-name xml:lang="x-default">Firework Dashboard Configuration</display-name>
                <attribute attribute-id="fireworkSiteCurrency"/>
                <attribute attribute-id="fireworkUniqueBMUID"/>
                <attribute attribute-id="fireworkContactsEmail"/>
				<attribute attribute-id="fireworkSiteTitle"/>
            </attribute-group>
        </group-definitions>
    </type-extension>
	
	   <custom-type type-id="FireworkCO">
        <display-name xml:lang="x-default">FireworkCO</display-name>
        <description xml:lang="x-default">Used to store data about oauth creditional</description>
        <staging-mode>source-to-target</staging-mode>
        <storage-scope>site</storage-scope>
        <key-definition attribute-id="ID">
            <type>string</type>
            <min-length>0</min-length>
        </key-definition>
        <attribute-definitions>
            <attribute-definition attribute-id="fireworkBusinessOauthData">
                <display-name xml:lang="x-default">Business Oauth Data</display-name>
                <type>text</type>
                <localizable-flag>false</localizable-flag>
                <mandatory-flag>false</mandatory-flag>
                <externally-managed-flag>false</externally-managed-flag>
            </attribute-definition>
            <attribute-definition attribute-id="fireworkBusinessStoreId">
                <display-name xml:lang="x-default">Business Store Id</display-name>
                <type>text</type>
                <localizable-flag>false</localizable-flag>
                <mandatory-flag>false</mandatory-flag>
                <externally-managed-flag>false</externally-managed-flag>
            </attribute-definition>
            <attribute-definition attribute-id="fireworkOauthData">
                <display-name xml:lang="x-default">Oauth Register Data</display-name>
                <type>text</type>
                <localizable-flag>false</localizable-flag>
                <mandatory-flag>false</mandatory-flag>
                <externally-managed-flag>false</externally-managed-flag>
            </attribute-definition>
            <attribute-definition attribute-id="fireworkTokenData">
                <display-name xml:lang="x-default">Token details</display-name>
                <type>text</type>
                <localizable-flag>false</localizable-flag>
                <mandatory-flag>false</mandatory-flag>
                <externally-managed-flag>false</externally-managed-flag>
            </attribute-definition>
        </attribute-definitions>
        <group-definitions>
            <attribute-group group-id="FireworkCOAttributes">
                <display-name xml:lang="x-default">Firework</display-name>
                <attribute attribute-id="ID"/>
                <attribute attribute-id="fireworkOauthData"/>
                <attribute attribute-id="fireworkTokenData"/>
                <attribute attribute-id="fireworkBusinessOauthData"/>
                <attribute attribute-id="fireworkBusinessStoreId"/>
            </attribute-group>
        </group-definitions>
    </custom-type>
    <custom-type type-id="FireworkOauthCO">
        <display-name xml:lang="x-default">FireworkOauthCO</display-name>
        <description xml:lang="x-default">Used to store data about oauth creditional</description>
        <staging-mode>source-to-target</staging-mode>
        <storage-scope>site</storage-scope>
        <key-definition attribute-id="ID">
            <type>string</type>
            <min-length>0</min-length>
        </key-definition>
        <attribute-definitions>
            <attribute-definition attribute-id="fireworkAccessTokenObject">
                <display-name xml:lang="x-default">accessTokenObject</display-name>
                <type>text</type>
                <localizable-flag>false</localizable-flag>
                <mandatory-flag>false</mandatory-flag>
                <externally-managed-flag>false</externally-managed-flag>
            </attribute-definition>
            <attribute-definition attribute-id="fireworkCliToken">
                <display-name xml:lang="x-default">CLI Token</display-name>
                <type>string</type>
                <localizable-flag>false</localizable-flag>
                <mandatory-flag>false</mandatory-flag>
                <externally-managed-flag>false</externally-managed-flag>
                <min-length>0</min-length>
            </attribute-definition>
            <attribute-definition attribute-id="fireworkClientId">
                <display-name xml:lang="x-default">client Id</display-name>
                <type>string</type>
                <localizable-flag>false</localizable-flag>
                <mandatory-flag>false</mandatory-flag>
                <externally-managed-flag>false</externally-managed-flag>
                <min-length>0</min-length>
            </attribute-definition>
            <attribute-definition attribute-id="fireworkClientSecret">
                <display-name xml:lang="x-default">client Secret</display-name>
                <type>string</type>
                <localizable-flag>false</localizable-flag>
                <mandatory-flag>false</mandatory-flag>
                <externally-managed-flag>false</externally-managed-flag>
                <min-length>0</min-length>
            </attribute-definition>
            <attribute-definition attribute-id="fireworkCode">
                <display-name xml:lang="x-default">code</display-name>
                <type>string</type>
                <localizable-flag>false</localizable-flag>
                <mandatory-flag>false</mandatory-flag>
                <externally-managed-flag>false</externally-managed-flag>
                <min-length>0</min-length>
            </attribute-definition>
            <attribute-definition attribute-id="fireworkCodeChallenge">
                <display-name xml:lang="x-default">Code Challenge</display-name>
                <type>string</type>
                <localizable-flag>false</localizable-flag>
                <mandatory-flag>false</mandatory-flag>
                <externally-managed-flag>false</externally-managed-flag>
                <min-length>0</min-length>
            </attribute-definition>
            <attribute-definition attribute-id="fireworkCodeVerifier">
                <display-name xml:lang="x-default">Code Verifier</display-name>
                <type>string</type>
                <localizable-flag>false</localizable-flag>
                <mandatory-flag>false</mandatory-flag>
                <externally-managed-flag>false</externally-managed-flag>
                <min-length>0</min-length>
            </attribute-definition>
            <attribute-definition attribute-id="fireworkOrgId">
                <display-name xml:lang="x-default">org ID</display-name>
                <type>string</type>
                <localizable-flag>false</localizable-flag>
                <mandatory-flag>false</mandatory-flag>
                <externally-managed-flag>false</externally-managed-flag>
                <min-length>0</min-length>
            </attribute-definition>
            <attribute-definition attribute-id="fireworkShortCode">
                <display-name xml:lang="x-default">Short Code</display-name>
                <type>string</type>
                <localizable-flag>false</localizable-flag>
                <mandatory-flag>false</mandatory-flag>
                <externally-managed-flag>false</externally-managed-flag>
                <min-length>0</min-length>
            </attribute-definition>
            <attribute-definition attribute-id="fireworkTenantId">
                <display-name xml:lang="x-default">Tenent Id</display-name>
                <type>string</type>
                <localizable-flag>false</localizable-flag>
                <mandatory-flag>false</mandatory-flag>
                <externally-managed-flag>false</externally-managed-flag>
                <min-length>0</min-length>
            </attribute-definition>
            <attribute-definition attribute-id="fireworkUsId">
                <display-name xml:lang="x-default">usid</display-name>
                <type>string</type>
                <localizable-flag>false</localizable-flag>
                <mandatory-flag>false</mandatory-flag>
                <externally-managed-flag>false</externally-managed-flag>
                <min-length>0</min-length>
            </attribute-definition>
        </attribute-definitions>
        <group-definitions>
            <attribute-group group-id="fireworkOauthCOAttributes">
                <display-name xml:lang="x-default">OauthCO</display-name>
                <attribute attribute-id="ID"/>
                <attribute attribute-id="fireworkClientId"/>
                <attribute attribute-id="fireworkClientSecret"/>
                <attribute attribute-id="fireworkTenantId"/>
                <attribute attribute-id="fireworkShortCode"/>
                <attribute attribute-id="fireworkOrgId"/>
                <attribute attribute-id="fireworkCliToken"/>
                <attribute attribute-id="fireworkUsId"/>
                <attribute attribute-id="fireworkCode"/>
                <attribute attribute-id="fireworkCodeVerifier"/>
                <attribute attribute-id="fireworkAccessTokenObject"/>
                <attribute attribute-id="fireworkCodeChallenge"/>
            </attribute-group>
        </group-definitions>
    </custom-type>
</metadata>