<?xml version="1.0" encoding="UTF-8"?>
<jobs xmlns="http://www.demandware.com/xml/impex/jobs/2015-07-01">
    <job job-id="firework-oauth" priority="0">
        <description/>
        <parameters/>
        <flow>
            <context site-id="RefArch"/>
            <step step-id="firework-oauth-refreshtoken" type="custom.RefreshToken" enforce-restart="false">
                <description/>
                <parameters/>
            </step>
        </flow>
        <rules/>
        <triggers>
            <run-recurring enabled="true">
                <recurrence>
                    <date-from>2022-06-01Z</date-from>
                    <date-to>2029-12-31Z</date-to>
                    <start-time>04:00:00.000Z</start-time>
                    <interval>5m</interval>
                    <day-of-week>
                        <weekday>Thursday</weekday>
                        <weekday>Friday</weekday>
                        <weekday>Monday</weekday>
                        <weekday>Sunday</weekday>
                        <weekday>Wednesday</weekday>
                        <weekday>Saturday</weekday>
                        <weekday>Tuesday</weekday>
                    </day-of-week>
                </recurrence>
            </run-recurring>
        </triggers>
    </job>
	<job job-id="firework-productquantityfeed" priority="0">
        <description/>
        <parameters/>
        <flow>
            <context site-id="RefArch"/>
            <step step-id="firework-productquantityfeed" type="custom.productQuantityFeed" enforce-restart="false">
                <description/>
                <parameters/>
            </step>
        </flow>
        <rules/>
        <triggers>
            <run-recurring enabled="true">
                <recurrence>
                    <date-from>2022-06-01Z</date-from>
                    <date-to>2029-12-31Z</date-to>
                    <start-time>04:00:00.000Z</start-time>
                    <interval>5m</interval>
                    <day-of-week>
                        <weekday>Thursday</weekday>
                        <weekday>Friday</weekday>
                        <weekday>Monday</weekday>
                        <weekday>Sunday</weekday>
                        <weekday>Wednesday</weekday>
                        <weekday>Saturday</weekday>
                        <weekday>Tuesday</weekday>
                    </day-of-week>
                </recurrence>
            </run-recurring>
        </triggers>
    </job>
</jobs>
